title,link
Sumer Application Video for YC S22,https://www.youtube.com/watch?v=2ISHGyuyhXM
YCombinator Application video,https://www.youtube.com/shorts/V0fzoN4Lrms
FinQuest AI  YC W23 Application Video,https://www.youtube.com/watch?v=e6hNkK6gb4U
Y combinator application summer 2018 Sharewood,https://www.youtube.com/watch?v=fHlD1DjBqcU
SInC Benefits - Y Combinator Video Application (S18),https://www.youtube.com/watch?v=9-64VAWVc4Y
Zenefits (YC W2013) Application Video,https://www.youtube.com/watch?v=-S83fysRwn4
Trection - YC Application Video - Summer 2020,https://www.youtube.com/watch?v=aTOSAUAPueQ
HubSeq (YC Summer 2022 - Selected for Interview) Application Video,https://www.youtube.com/watch?v=e0MgUyCkzcs
YC Winter Application 2022 Video,https://www.youtube.com/watch?v=V85HzjyOYdc
Thalassa (YC W19) Application Video,https://www.youtube.com/watch?v=WwdOO3Pzbgc
Remade Founder Video - YC S24 Application (Accepted!),https://www.youtube.com/watch?v=q_HIpz3pVRc
DRYVA YC (S22) Application Video,https://www.youtube.com/watch?v=08RU-UgCIIE
PriLyfe (YC S2023) Application Video,https://www.youtube.com/watch?v=sXX_EOULYbA
Marketrix AI - YC F24 Application Video - Irosha and Yasith,https://www.youtube.com/watch?v=TSGLaUS5_-s
Adlish YC (W2023) Application Video,https://www.youtube.com/watch?v=bo8pWgWdQ6E
Overmap (YC F24) Application Video,https://www.youtube.com/watch?v=_r9IgkiEEAY
Yugeneration.org (YC W2017) Application Video,https://www.youtube.com/watch?v=2StgOFsJbSM
Shoplee (YC W2019) Application Video,https://www.youtube.com/watch?v=xnFYz24tVuk
Partum YC Winter 2022 Video Application,https://www.youtube.com/watch?v=_sbIH2nqL9g
YC S22 - SoBu Application Video,https://www.youtube.com/shorts/rTIN43JYUW0
Squirrel (YC S2020) Application Video,https://www.youtube.com/watch?v=StwNidAN0rA
GuestTo YC Application Video - Winter 2023,https://www.youtube.com/watch?v=o1on2stEXyI
AfterrHome YCombinator Winter Batch 2021 Application Video,https://www.youtube.com/watch?v=SrYBOmngUTk
Cactus (YC S25) Application Video,https://www.youtube.com/watch?v=qcyEywNAD4o
Swasthu-Y combinator application video-winter 2022,https://www.youtube.com/watch?v=bgBp1XabaN4
Triplings | YC S23 - Application Video,https://www.youtube.com/watch?v=V4DPwyzD_gY
YC Application Video - Summer 2022,https://www.youtube.com/watch?v=2nVpfX4q1Qw
SendMe Y Combinator W22 Application Video,https://www.youtube.com/watch?v=ClctbYyZ0h8
YC Application Video!,https://www.youtube.com/watch?v=F4y5seOEfrQ
Saturnup YC Winter 2016 Application,https://www.youtube.com/watch?v=8zjMvvKu8mI
RiskBazaar YC S2016 Application Video,https://www.youtube.com/watch?v=ilj4VkV-AZY
Teach A Class (YC W2019) Application Video,https://www.youtube.com/watch?v=0a8HHNbCSaE
UPNATION YC Summer 2021 Application Video,https://www.youtube.com/watch?v=sxQQIPwO914
SMAQ (YC W25) Application Video,https://www.youtube.com/watch?v=m1eE6K1LXbM
Coshopr's YC application video,https://www.youtube.com/watch?v=VFIpt26qjh0
Y Combinator Application Video (Pollinate) S23,https://www.youtube.com/watch?v=WpV-598ozts
Nawa Palia (YC application summer 2018),https://www.youtube.com/watch?v=M89kJoLnsgc
Tradelert - Y Combinator Winter 2020 Application Video,https://www.youtube.com/watch?v=jVOc26Tfzdw
YC Application Video,https://www.youtube.com/watch?v=n-8pK7uWYlM
YC Application Video for Nesst.pro - Spring 2025,https://www.youtube.com/watch?v=uA14MoXDxqw
Fotonicia Y Combinator Summer 2019 Application Video,https://www.youtube.com/watch?v=sy9fBwVHbnM
Globio Application Video for YC W24,https://www.youtube.com/watch?v=MMWzRMmCYWc
YC W21 Application video,https://www.youtube.com/watch?v=QcFgzYCI7aA
YCombinator Application video winter 2021,https://www.youtube.com/watch?v=qURo6HirVU0
Cyder (YC W2022) Application Video,https://www.youtube.com/watch?v=F65Rt94K3C0
YCombinator Summer 2019 Application,https://www.youtube.com/watch?v=aMb6c9l5ngI
SelectricGo YC W23 Application video,https://www.youtube.com/watch?v=7cj-Woe8PjE
YCombinator (Winter 2020) Video Application,https://www.youtube.com/watch?v=Zc7kyUVqiFY
Vikrant Academy (YC Winter 2022) Application Video,https://www.youtube.com/watch?v=nxBdCu4dibQ
YC Summer 2022 Application Video - Determinant Materials,https://www.youtube.com/watch?v=jUh6yHmP9Ao
Benchmark (YC W2019) Application Video,https://www.youtube.com/watch?v=dgEmPMzCPGo
AirGen.io YC W25 Application,https://www.youtube.com/watch?v=RJsPYnx4av4
Y Combinator 2021 Application Video for Minim,https://www.youtube.com/watch?v=653YKbXulVc
projectMY Y Combinator Application,https://www.youtube.com/watch?v=68i3n10Ourk
Clipido's YC Application W24 — Founder video (update: No interview),https://www.youtube.com/watch?v=m9dgMBiT5tw
(Not Accepted) Meaningful (YC S24) Application Video,https://www.youtube.com/watch?v=kjyhmO4U5n4
Y Combinator Winter 2019 application video,https://www.youtube.com/watch?v=nmKmWIkTiiM
Infra School (YC S21) Application Video,https://www.youtube.com/watch?v=VPgGEpLGeIk
Y Combinator Winter 2018 application,https://www.youtube.com/watch?v=LSwclxWoRCU
YC Video Application - GW (S20),https://www.youtube.com/watch?v=RwMF5QbZxIA
YC Summer 2022 _ Ceremony _ Application video,https://www.youtube.com/watch?v=KKwkzwU97wk
Strinx (YC W25) Application Video,https://www.youtube.com/watch?v=T_D25Cor26M
YC application video.,https://www.youtube.com/watch?v=f6Qgu2TFN40
Frantic YC Application Video S24,https://www.youtube.com/watch?v=rxOcnSodgOw
CVNova YC application video,https://www.youtube.com/watch?v=ATdkqi_rN60
Obvious (YC W24) Application Video,https://www.youtube.com/watch?v=gmCkNdMsCgg
StartUp Ycombinator Application Video,https://www.youtube.com/watch?v=3A8FQVp7rbc
YoteMeals - YC S20 Application Video,https://www.youtube.com/watch?v=SDDl7OLR1EY
Y Combinator Application Video,https://www.youtube.com/watch?v=TZoprxGzzMM
Setter AI's YC Fall 24 Application Video,https://www.youtube.com/watch?v=grIwnpFZu4k
Snowball (YC W20) Application Video,https://www.youtube.com/watch?v=nhLKMaPb0q0
Meme Party (YC S2020) Application Video,https://www.youtube.com/watch?v=e8AP6laj3Ew
PathMe - Application Video YC (Batch S20),https://www.youtube.com/watch?v=vBWoe2cTM3U
YC Winter 2020 Video Application,https://www.youtube.com/watch?v=LYCdMgBsGsk
YC Application Video 2016,https://www.youtube.com/watch?v=w59tbi6KWCY
CarbonSEQ (YC S22) Application Video,https://www.youtube.com/watch?v=FgRitpzsWmQ
Unhoused Humanity (YC W2016) Application Video,https://www.youtube.com/watch?v=1LQQL9Y1OKc
KiddoAI (YC S23) Application Video,https://www.youtube.com/watch?v=M24g6dkdY_4
Leadr YC W19 Application Video,https://www.youtube.com/watch?v=nDVyU-Hy2S0
EZConnects Application Video for YC S21,https://www.youtube.com/watch?v=EaZvsh7iBeE
Y Combinator Startup Application Video Accepted in 2016 (Indian Founders),https://www.youtube.com/watch?v=Krb96Gaun0o
Aljarya YC W2023 - YC Application video winter 2023,https://www.youtube.com/watch?v=sla_j_8RQwk
"YC, summer batch application video",https://www.youtube.com/watch?v=3GRB8XI-xio
"Y Combinator application - Youcanevent, Inc. Summer 2019",https://www.youtube.com/watch?v=miGsbMIS69A
Velo (YC F24) Application Video,https://www.youtube.com/watch?v=lfM-kwfGvsc
Envision Labs Application Video - YC S21,https://www.youtube.com/watch?v=ZZH5NOFlXX8
Karma Founders Introduction YC Winter 2020 Application,https://www.youtube.com/watch?v=tgAaV1IoRLc
advo (YC W21) Video Application,https://www.youtube.com/watch?v=Nm6XwMPbie0
OpenBar (YC S19) Application Video,https://www.youtube.com/watch?v=BG9DzfYJdE4
Rebellious Crops YC Application Video W23,https://www.youtube.com/watch?v=fJnfj40phUE
Dimension YC Application Video,https://www.youtube.com/watch?v=QaiUjBgI5AI
Y Combinator Application Video: Founder Chris Hill of Top Of The Hill,https://www.youtube.com/watch?v=8nKf5_lMTyA
TooGood (YC w2019) Application Video,https://www.youtube.com/watch?v=DD08wZDgYxg
Reach Best's Application Video for YC S22,https://www.youtube.com/watch?v=cvN3ZS5XROQ
Akrab - Y Combinator Winter 2019 Application Video,https://www.youtube.com/watch?v=CMo401aaNKo
Exonode YC S2021 Application Video,https://www.youtube.com/watch?v=HT-Go7AjvNQ
YC (W18) Application - SagePath,https://www.youtube.com/watch?v=HOFT9F46_yQ
MERV (YC S20) Application Video,https://www.youtube.com/watch?v=XDcjW5PORlI
YC Application Video,https://www.youtube.com/watch?v=nyydoimZYTI
Go4Spin YC Summer 2020 application video,https://www.youtube.com/watch?v=45Osx885AzI
Y Combinator Application Video,https://www.youtube.com/watch?v=nH4VoW4qg_g
KiteX YC Summer 2017 Application,https://www.youtube.com/watch?v=0_2CUAhhbmI
Y Combinator S18 - Founders Application Video,https://www.youtube.com/watch?v=IEb2vCNpC1Y
Rivia (YC W23) Application Video,https://www.youtube.com/watch?v=YkeaRXWn8jk
YC - Winter 2021 - Application video,https://www.youtube.com/watch?v=uPN69yfXJDY
CourseCopilot (YC S23) Application Video,https://www.youtube.com/watch?v=PCB6Rkv3--Y
YC Application Video,https://www.youtube.com/watch?v=61U6VR_6vJU
YC Application Video W19 - Bridge8,https://www.youtube.com/watch?v=nVJpas9_aUw
Ycombinator Application Video,https://www.youtube.com/watch?v=Fiu6w8LFyaI
Convo Automation (YC Winter 2020 application),https://www.youtube.com/watch?v=z39bo1Qx5Xk
Y Combinator Fellowship Application Video,https://www.youtube.com/watch?v=HL2W4chH2RU
YC Combinator Summer 2021 Application,https://www.youtube.com/watch?v=SCdfscvBCkA
Application for Y Combinator batch summer 2017,https://www.youtube.com/watch?v=_urxVn57NIU
AirCoWork YC Application Video 2020,https://www.youtube.com/watch?v=sRO_9WPotuM
Y Combinator Application Summer 2017 - Mind,https://www.youtube.com/watch?v=t9nLYFHfvBs
Shaka YC application video S21,https://www.youtube.com/watch?v=-f4RT4mS-ZQ
4zipcode (YC 2019) Application Video,https://www.youtube.com/watch?v=T2AAyFNl8ok
ClanJobs | Application Video | Y combinator Winter 2022,https://www.youtube.com/watch?v=pJEbtz3HECQ
Favors - Y Combinator Application Video Summer 2018,https://www.youtube.com/watch?v=Wao2su8eMto
Clearspace (YC W23) Application Video (Accepted),https://www.youtube.com/watch?v=dkOpG3kqmy4
Clique (YC W2017) Application Video,https://www.youtube.com/watch?v=JU6vQdpVf6o
Landket - YC Application video (Summer 2021),https://www.youtube.com/watch?v=nO3J-K_qM9c
Infiboard's Video for YC Application (YC Summer 2021),https://www.youtube.com/watch?v=t4luMUEA_wo
YC Application S20,https://www.youtube.com/shorts/xxbVouGbvPk
YC Application Summer 2016,https://www.youtube.com/watch?v=b7wwoE2fAHg
NoiseGrasp YC Winter 2017 Application Video,https://www.youtube.com/watch?v=D3LGmio5lIU
MetaDoin (YC S22) Application Video,https://www.youtube.com/watch?v=zZuoMwSo5C4
Pace4Life's Y Combinator Video Application,https://www.youtube.com/watch?v=XySK0NkYGnI
Clear (YC W2015) application video,https://www.youtube.com/watch?v=I5xL6LzL_XY
Sumer Application Video for YC W22 (Selected for YC Interview!),https://www.youtube.com/watch?v=of1NyuLWiBI
Tumalow YC Summer 2019 Application,https://www.youtube.com/watch?v=lMkzNKpFrTc
Packs (YC W2022) Application Video,https://www.youtube.com/watch?v=Kwyd5jrm66E
Vblog 28: YCombinator Ladderr Application Winter 2015,https://www.youtube.com/watch?v=pNlObmyokMY
OpenPhone's YC Application Video for S18,https://www.youtube.com/watch?v=qzeIhmqZfuI
YCombinator Application Video,https://www.youtube.com/watch?v=2a56ZgA9rcY
Perch YC application - W24,https://www.youtube.com/watch?v=dpNrqJQoO-8
Up2Date | YC Spring2025 Application Video,https://www.youtube.com/watch?v=Wz1eZR8y3Wc
Baseline Co. YC (W23) Application Video,https://www.youtube.com/watch?v=9Av3jovDK5k
Futuure (Y Combinator S19) Application Video,https://www.youtube.com/watch?v=tr1wiPq3G0E
YC Application Video,https://www.youtube.com/watch?v=l-LNoCTP_8c
Cyder YC S2022 Application Video,https://www.youtube.com/watch?v=_mYNcpiRsSo
AmeliorMate YC Summer 2019 Application Video,https://www.youtube.com/watch?v=3yBBkBr71xA
CultureMe - YC Summer 2023 Application,https://www.youtube.com/watch?v=WBKXQPsmA4M
Licify YC Summer 2019 Application,https://www.youtube.com/watch?v=rF6o4z4Tw4I
YC - W2017 - Application video,https://www.youtube.com/watch?v=sjGypP78VOc
Alpha Vision (YC S2018) Application Video,https://www.youtube.com/watch?v=6-iVrukf-JA
Y Combinator S24 Application Video,https://www.youtube.com/watch?v=aDRWNORYocI
Affordable Equity YC W18 Application Video,https://www.youtube.com/watch?v=mqNH9N_dpXU
Quest (YC W23) Application Video,https://www.youtube.com/watch?v=pm7lX83WHcM
Streach (YC S18) Application video,https://www.youtube.com/watch?v=pLfWwo_Bdsk
Golfmate YC Summer 2020 Application Video,https://www.youtube.com/watch?v=p6Xb5RWgavc
Props | Y Combinator Summer 2015 Application,https://www.youtube.com/watch?v=bI3e5AS83lE
ycombinator winter 2016 application  CT FLARE,https://www.youtube.com/watch?v=A6SJ_mkWFSM
Hillside Hydro (YC S2017) Application Video,https://www.youtube.com/watch?v=d78scvcYOq0
Off The Record (YC W17) Application Video,https://www.youtube.com/watch?v=TDKUT7BfgxQ
Kater YC W24 Application (Accepted),https://www.youtube.com/watch?v=pmIEkxRreXU
YC Application Video - Puppyhangout (Olivia Shi),https://www.youtube.com/watch?v=jL-MBZPsPXE
Mach Capital YC Application Video S19,https://www.youtube.com/watch?v=SbIEHg7mscE
Mintlify (YC W22) Application Video,https://www.youtube.com/watch?v=OAhXFeENW3g
BODY — YC Summer '16 Application Video,https://www.youtube.com/watch?v=YYwx1UhcdPA
Toddly's Application Video for YC S24,https://www.youtube.com/watch?v=F1PpI_aBVo4
Token Transit YC Application Video W17,https://www.youtube.com/watch?v=-QfAHU3naks
BarNone LLC YC Application Video S2015,https://www.youtube.com/watch?v=qknBcaQuK9o
YC Winter 2020 FoodCoWorks Application video,https://www.youtube.com/watch?v=1mc14HSoSoE
1m Application Video to YC (Winter batch 2020),https://www.youtube.com/watch?v=lDpYdrBnWyA
Rivia YC (S23) Application Video,https://www.youtube.com/watch?v=9XdQV0mhksg
SyntaxAI Application Video for YC S23,https://www.youtube.com/watch?v=Yz2JPeLv0Pg
Sapien YC W20 application video - Update: we were invited to interview!,https://www.youtube.com/watch?v=iegcA3JdOqY
Beauty 911 YC Summer 2022 Application,https://www.youtube.com/watch?v=OgvI9VyiGIc
YC application video,https://www.youtube.com/watch?v=XDizLmOq7iQ
YC S15 Video Application,https://www.youtube.com/watch?v=CciBjoTaZIc
Grapes Y Combinator Summer 2021 Application video,https://www.youtube.com/watch?v=yGOv1z5pCLo
"ai-Wealth,  Y Combinator (YC W2019) Application Video",https://www.youtube.com/watch?v=FITsIT5xQA0
YC S21 Application Video,https://www.youtube.com/watch?v=Sj4s0jFE458
Alana YC Application Video - Summer Batch 2019,https://www.youtube.com/watch?v=DK2yymdS0hY
SpappCo (YC S22) Application Video,https://www.youtube.com/watch?v=D-cFNmapdZ8
BlueCargo YC S2018 Application Video,https://www.youtube.com/watch?v=urRTl1B8FRs
Singspiel (YC W2016) Application Video,https://www.youtube.com/watch?v=T41kZVz7D1M
Sendif Y Combinator YC W24 Application,https://www.youtube.com/watch?v=RdAAvfIs1W8
Umbrellas (YC S2017) Application Video,https://www.youtube.com/watch?v=Q6T4dIz-UGs
Opticli's Application video for YC W22,https://www.youtube.com/watch?v=O4I5Zfc-f00
Joluud YC application video,https://www.youtube.com/watch?v=7Ahmki9oGFE
YC Winter 2021 Application,https://www.youtube.com/watch?v=MszknUFHCDE
YC Winter 2019 Application Video,https://www.youtube.com/shorts/5n1KDuw37x8
YCombinator - Summer 2023 - Application video,https://www.youtube.com/watch?v=FrU4I_f7F0Y
Kurt YC F24 Application Video,https://www.youtube.com/watch?v=ev1Wpoxx5Gk
Original (YC W23) Application Video,https://www.youtube.com/watch?v=-lgjQXn85dg
Ycombinator Winter 2023 - TheSafeContract Application video,https://www.youtube.com/watch?v=0xcmUBlo-t4
In2Tech - YC W23 Application Video,https://www.youtube.com/watch?v=H1kk8KitfhA
YC F24 Application Video - CalmEmail AI,https://www.youtube.com/watch?v=hi3M4ChZPm8
YC S23 Application Video,https://www.youtube.com/watch?v=qnfd54viLEY
Boxscore Media (YC S17) Application Video,https://www.youtube.com/watch?v=0wlojdpL7XE
Andes STR (YC Summer 2021) Application,https://www.youtube.com/watch?v=evLpMSpeX9M
Cscade (YC S2016) Application Video,https://www.youtube.com/watch?v=kp08nUm6dIE
Testimonial (YC W22) Application Video,https://www.youtube.com/watch?v=DN4BQtgkLEk
Y-Combinator Application Video - 1min,https://www.youtube.com/watch?v=lY3hoi1eizM
Nalony's Application Video for YC W23,https://www.youtube.com/watch?v=PyD4mA8EKgM
Addmini (YC S2018) Application Video,https://www.youtube.com/watch?v=5jHvQDKSICM
Teespring (YC W2013) Application Video,https://www.youtube.com/watch?v=Ipf247AmhiI
Sploot Winter 2020 YC Application Video,https://www.youtube.com/watch?v=tniSZA70zT4
My Y Combinator Application Video that Got Us an Interview (in 2015),https://www.youtube.com/watch?v=kuLys6Wjp5U
Cleanly (YC W2023) Application Video,https://www.youtube.com/watch?v=BL9yhBOXbNU
TabikExpress - YC (W20) Application Video,https://www.youtube.com/watch?v=a1wsk4nMBao
inblog (YC S23) Application Video,https://www.youtube.com/watch?v=V7OxXL1mfRw
Immigrants Like Us YC S20 Application Video,https://www.youtube.com/watch?v=0zGAs1Qe1e8
Mys Tyler - Application to Y Combinator Winter 2021,https://www.youtube.com/watch?v=vsjDvX5dpus
Anaca (YC Winter 2020) Application Video,https://www.youtube.com/watch?v=txGB5pBCYv0
YC W24 Application Video (reached interview stage!),https://www.youtube.com/watch?v=yBnc8wl0A_g
FetchMi (YC S2018) Application Video,https://www.youtube.com/watch?v=wxyTupz3Kic
QBO Cabs - YC Application Video W2019,https://www.youtube.com/watch?v=waVjxb5B7xs
YC Winter 2020 Application Video,https://www.youtube.com/watch?v=0cHTAHMDydM
ListedB (YC W2024) Application Video,https://www.youtube.com/watch?v=oLiVmUlHNEg
YC Summer 2020 Application,https://www.youtube.com/watch?v=3BvUED-RgKo
Dedsimple - YC Winter 2018 Application,https://www.youtube.com/watch?v=1PNC1jH78p0
YC Application Summer 2019,https://www.youtube.com/watch?v=J46dOd3O-9M
id. (YC S2016) Application Video,https://www.youtube.com/watch?v=MLNIV_4GOnY
Merse (YC S24) Application Video [Accepted],https://www.youtube.com/watch?v=8UR4NMlxsDc
YC Application Summer 2023,https://www.youtube.com/watch?v=KlrTzn9nnVM
AutoMEP (for YC Winter 2020) Application Video,https://www.youtube.com/watch?v=qdBDyhNrbX8
Application to YC summer 2020,https://www.youtube.com/watch?v=gvl50kNKgSo
Y Combinator Winter 2013 Application Part 2 - Sri,https://www.youtube.com/watch?v=mWAjfFRC7cI
Dream Chaser Program (YC S21) Application Video,https://www.youtube.com/watch?v=2lLar-9m_4s
Swingo (YC 2019) Application Video,https://www.youtube.com/watch?v=7k8KtT0_7gU
Remembrall YC Application (W24) - Accepted,https://www.youtube.com/watch?v=VGXkghBFtL0
Airborne's Application Video for YC W22,https://www.youtube.com/watch?v=J6mKXaA0qrY
Canscr's Application Video for YC Winter 2023,https://www.youtube.com/watch?v=nfSmxEtq8Mc
Redkeep Clothing YC application Video W21,https://www.youtube.com/watch?v=IBSNYHYaP5Y
Hokart - Y Combinator Application Video (YC summer 2022),https://www.youtube.com/watch?v=qINbeTL-Ygw
Z Ski (YC W2022) Application Video,https://www.youtube.com/watch?v=TGKhpfSbM94
Midly Team YC summer 2022 application,https://www.youtube.com/watch?v=DUlXSNt7sVc
Y Combinator Application S18: Grubyr,https://www.youtube.com/watch?v=rijv7DGAyoo
Foodyours (YC S21) Application Video,https://www.youtube.com/watch?v=J9vLkvD3ctM
YC Summer 2017 - RiskBazaar application,https://www.youtube.com/watch?v=K6l2YO3Z7_Q
Sylus AI (YC W24) Application Video,https://www.youtube.com/watch?v=VHQj1FopZDs
YC Application Summer 2014 Verni,https://www.youtube.com/watch?v=VeQ7yfuEfek
YC Application Video GetWork for YC S20,https://www.youtube.com/watch?v=kSqhS6pLY_g
Mage (formerly Snapcardster) (YC W19) Application Video,https://www.youtube.com/watch?v=LC4i1OcAzzU
YC Summer 2021 Application,https://www.youtube.com/shorts/CrgEPZ_tkWE
Toastr YC Application Summer 2022,https://www.youtube.com/watch?v=GfH2WxW6tpY
YC 2013 Summer Application,https://www.youtube.com/watch?v=gppmU2mwxZA
YC application Video W21,https://www.youtube.com/watch?v=1z1lD-_CIm8
gloudio YC application video,https://www.youtube.com/watch?v=ypN1F1KxxWM
Litpen's YCombinator Application Video,https://www.youtube.com/watch?v=T1nB9XjYYG4
GrindIt's Application Video for YC S22,https://www.youtube.com/watch?v=vxE5gLADxGo
YC Summer 2017 application video,https://www.youtube.com/watch?v=2jy9MCd2lqE
YC Winter 2021 BBOOK Application Video,https://www.youtube.com/watch?v=iwp69z8vAVc
Prospify (YC W25) Application Video,https://www.youtube.com/watch?v=qRQfjKNu4vA
YC Summer 2020 Application Video - AstroLab Inc.,https://www.youtube.com/watch?v=eZ9b7LjHkeI
BarHop (YC W23) application video,https://www.youtube.com/watch?v=19kNOjtoGXM
AlgoBio (YC W2022) Application Video,https://www.youtube.com/watch?v=jQcZP8wUy9E
Y Combinator (YC S24) Application Video : VideoFast,https://www.youtube.com/watch?v=bITU4Kx7lXY
Farmako Healthcare | YC S20 | Application Video,https://www.youtube.com/watch?v=zBcg6gpinNI
Matuskii (YC W23) Application Video,https://www.youtube.com/watch?v=E63exbfezbk
Pollinate Y Combinator Summer 2021 Application Video,https://www.youtube.com/watch?v=_J-14bAeQ7E
YC Summer 2016 Application - brainswole,https://www.youtube.com/watch?v=F7J0owWBfOs
Ran Cidba Con ~ Y Combinator Summer 2010 application support video,https://www.youtube.com/watch?v=pXOU6dgYLg8
CurveCatch (YC S22) Application Video,https://www.youtube.com/watch?v=mbVrlCKYx0Y
ReVolt YC S24 Application,https://www.youtube.com/watch?v=R6mArwEhm_k
YC S2023 Application Video (SimpL),https://www.youtube.com/watch?v=pNWMpXB2fbE
Coosta YC W18 application,https://www.youtube.com/watch?v=u21kXm7Oykg
Y Combinator video application,https://www.youtube.com/watch?v=ApKNz7tQoBw
OpenPass (YC Winter 2022) Application Video,https://www.youtube.com/watch?v=DwlIPDXLonQ
Reframed - YC Winter 2023 application,https://www.youtube.com/watch?v=uPkoowR7-B0
Reach Best YC S23 Application Video,https://www.youtube.com/watch?v=J_SGQHYdLqQ
Successful Founder Introduction for Y Combinator Application: Hugecity,https://www.youtube.com/watch?v=kZYaE8xg4cM
Aiero (YC W2023) Application Video,https://www.youtube.com/watch?v=G9FNj3sOCRg
Cashestate YC Application Video S19,https://www.youtube.com/watch?v=0TrmEECk_jA
PAKKE (YC W19) Application Video,https://www.youtube.com/watch?v=f0IihY7_uWE
NuPhone YC F24 Application Video (Rejected),https://www.youtube.com/watch?v=bCcFG4Cmypo
Makerlog's YC S21 Application Video,https://www.youtube.com/watch?v=DqL4_UsR0V8
aPort (YC W23) Application Video,https://www.youtube.com/watch?v=ylPFQrQ21bg
YC Summer 2023 Application Video - Determinant Materials,https://www.youtube.com/watch?v=PsUPSjYaIqE
YC-S17 Application - OWNRIDES,https://www.youtube.com/watch?v=MqtzXIt4ALc
Jugaplay (YC W2018) Application Video,https://www.youtube.com/watch?v=xDWTFhBjpY4
HeyAddy (Y Combinator Winter 2020) Application Video,https://www.youtube.com/watch?v=VKwa1sa1W54
GitRoll (YC S24) Application Video,https://www.youtube.com/watch?v=hI5cjgtdLr0
Twos - YC Application W22,https://www.youtube.com/watch?v=bzLWTHWdYrg
Fiona YC Application for Summer 2019,https://www.youtube.com/watch?v=0TkfGnDNjnY
Juphy - YC Summer'23 Application Video,https://www.youtube.com/watch?v=2CVPVkXqxJI
REPOWR YC Application Video,https://www.youtube.com/watch?v=3oqWuE7cCys
SHL - YC Summer 2015 Application Video,https://www.youtube.com/watch?v=0e4EClFMLwY
Basil -- Y Combinator S14 Application,https://www.youtube.com/watch?v=PeuegIORWB8
YC Application Video   08 Septembre 2021   Winter 2021,https://www.youtube.com/watch?v=hqseJqSdjDs
YC Application video - W19,https://www.youtube.com/watch?v=AiCaRDtIulM
ibeether (YC W2017) Application Video,https://www.youtube.com/watch?v=TL1ZfzgKqUw
fyesta - YCombinator Application Video (S23),https://www.youtube.com/watch?v=SNunXLqU8_4
YCombinator Application Video: imgix,https://www.youtube.com/watch?v=QunJMCoc0Qo
Andrew Parks YC W2018 Application Video,https://www.youtube.com/watch?v=Iq7an2LsZTo
Sahara (YC S21) Application Video,https://www.youtube.com/watch?v=RrxyTa0cp5o
YCombinator (YC W2018) Application Video,https://www.youtube.com/watch?v=pXKcHwf0jjY
YC Application Summer 2017 Batch - Collabb,https://www.youtube.com/watch?v=DS3Z1Hxcr_E
Slip (YC S21) Application Video - Update: We were accepted to YC!,https://www.youtube.com/watch?v=Ve6cQTtY7aM
Sensei (YC W25) Application Video,https://www.youtube.com/watch?v=E9jDBWTGasw
Racct F24 YC Application Video,https://www.youtube.com/watch?v=V_HrKN2S8no
HubUx - YC Winter 2020 Application Video,https://www.youtube.com/watch?v=Jxmw8kEoPUc
Y-Combinator Application Video,https://www.youtube.com/watch?v=BUWbgNWUBLA
Favour-YC S21 | Application Video,https://www.youtube.com/watch?v=nzr0-u85JjY
DoorDash’s Application Video for YC in 2013,https://www.youtube.com/shorts/SfvwFQzqPkA
YC Winter 2023 Application - Founder Video - Alan Benjamin He,https://www.youtube.com/watch?v=KhaSioOWE_k
UnderWing YC W21 Application Video,https://www.youtube.com/watch?v=8jQAb7Wq4n0
PNL YC Application Video,https://www.youtube.com/watch?v=_AoNCQbHTRo
Advizion's YC S25 Application Video,https://www.youtube.com/watch?v=9H-sT5Sp4cQ
Tribe (YC W20) Application video,https://www.youtube.com/watch?v=Lv3eev4ZtJc
[ACCEPTED] Lumona's YC W24 Application Video,https://www.youtube.com/watch?v=R6G8GrDSPTU
The Winter 2025 application deadline is in less than a week! Apply at ycombinator.com/apply.,https://www.youtube.com/shorts/rePH4tln5VY
YC Summer 2019 Application Video: Smake Inc.,https://www.youtube.com/watch?v=j7xMiXgRepQ
GDG YC S18 Application Video,https://www.youtube.com/watch?v=b2E6oAoOz6U
FINT YC(S20) Application Video,https://www.youtube.com/watch?v=TZ3ONfYqiwQ
Jobgator  (YC W2018) Application Video,https://www.youtube.com/watch?v=2koLjFgPeCs
YCombinator Application Video,https://www.youtube.com/watch?v=k1MuBb8U510
YC Application.mp4,https://www.youtube.com/watch?v=REl2gCjcyp4
Eat Together (YC W16 Application video),https://www.youtube.com/watch?v=cq99ELl9wAg
DoorDash's Application Video for YC S13,https://www.youtube.com/watch?v=Rzlr2tNSl0U
Guava's Application Video for YC W24,https://www.youtube.com/watch?v=c3neIFL54XU
Ami (YC W22) Application Video,https://www.youtube.com/watch?v=kMr1Z_WaCSY
Clientpulse (YC W25) Application Video,https://www.youtube.com/watch?v=y_Q2C9JcfEM
Esoteric Y Combinator Application Video (Winter 2022),https://www.youtube.com/watch?v=jHHYEu6g-c0
inspectX YC Application Video - Summer 2018,https://www.youtube.com/watch?v=pP4PC0I0Ejc
Tupp-Aware (YC 2021) Application Video,https://www.youtube.com/watch?v=Rrecht3DlsA
NEED / Duffl (YC W20) Application Video [Oct. 2019],https://www.youtube.com/watch?v=luZQ15ezrWA
"YCombinator application video Talky AI, Inc. W2018",https://www.youtube.com/watch?v=45fNbwNTcto
YC Application Video,https://www.youtube.com/watch?v=ES07GqLBSfM
YC Application Video,https://www.youtube.com/watch?v=Od3O2xYNKJA
YC Application Winter 2019,https://www.youtube.com/watch?v=c7_iVjMpHlo
Y Combinator Application Video - Summer 2022 Batch (YC S2022),https://www.youtube.com/watch?v=Ut5-h9Tq6WA
YC W23 Application Video,https://www.youtube.com/watch?v=2mOvk3YUOHk
How to hack the YC application [startups],https://www.youtube.com/watch?v=TXYI1niJiyU
The Tech Connection (YC W2015) Application Video,https://www.youtube.com/watch?v=GdAF0M1cDtE
Tailr ( YC Summer 2018) Application Video,https://www.youtube.com/watch?v=aDNUPltiL6g
Skinome YC 2017 Summer Application Video,https://www.youtube.com/watch?v=b2wtOrAiNDI
ShopDrop (YC W2018) Application Video,https://www.youtube.com/watch?v=4-70eD-3b0M
Postea (YC W2021) Application Video,https://www.youtube.com/watch?v=0HTW-C0X70s
HubSeq (YC Winter 2022 - Selected for Interview) Application Video,https://www.youtube.com/watch?v=9XTiN5YzCKA
TiiMo YC Summer 2021 Application Video,https://www.youtube.com/watch?v=5_Ba6Yhy0YI
Suggestr YC Application — Founder video (upd: Accepted!),https://www.youtube.com/watch?v=BBhAJwgTlZ4
Shovel (YC Summer 2022) Application Video,https://www.youtube.com/watch?v=dXJBaOQfRnc
YC Application Summer 2020,https://www.youtube.com/watch?v=EZz4phrcxEU
Introduction video of Max Rusakovič (ABODVA) for Y Combinator Winter 2023 application,https://www.youtube.com/watch?v=ihCSIDwcG-Q
YC Summer 2019 Application Video,https://www.youtube.com/watch?v=juoYuLkZ4W0
Galleon AI YC Application Video,https://www.youtube.com/shorts/5oc3jcd6GbE
Hues (YC S17) Application,https://www.youtube.com/watch?v=lVvGW1NRKPc
YC Application abbri.co Winter 2022,https://www.youtube.com/watch?v=XzWWZ59QtH0
Our Soteria (YC W22) Application video,https://www.youtube.com/watch?v=AW-7lSTMvBA
AppShuttle YCombinator Application  - Winter 2018,https://www.youtube.com/watch?v=0GeaKIW58EU
Quickers - Y Combinator Application Video (Winter 2021),https://www.youtube.com/watch?v=C2MRMViogJ4
CircledIn (YC S22) - Application Video,https://www.youtube.com/watch?v=4ZU7IUqNRwg
InstaOja YC S22 Application Video,https://www.youtube.com/shorts/3zKkkGWiYEM
Podpal + Y Combinator YC S24 Application Video,https://www.youtube.com/watch?v=WgH-2UFRm6E
Immersion (YC S22) Application Video,https://www.youtube.com/watch?v=XzjsWphAUzM
Blooper reel for Ran Cidba Con ~ Y Combinator Summer 2010 application support video,https://www.youtube.com/watch?v=m0ouOkNeBS4
Y Combinator (W'24) Startup Application,https://www.youtube.com/watch?v=noVHLJTbMQ0
"Y Combinator, Summer 2020 Application",https://www.youtube.com/watch?v=dKBeoQLtbUU
Fusion - YC Winter 2020 Application Video,https://www.youtube.com/watch?v=LZGs81kagpQ
Salud - Y Combinator Application Video (S19),https://www.youtube.com/watch?v=2AFzUIDTqk0
SideGuide (YC S22) Application Video,https://www.youtube.com/watch?v=0QUjXbNuIOw
YC Distru Application Video,https://www.youtube.com/watch?v=0g11TX0lGgg
Symposia (YC W2017) Application Video,https://www.youtube.com/watch?v=1vCa4JT83ts
FoundPad (YC W20) Application Video,https://www.youtube.com/watch?v=SnXgcFf7NU0
Hello Bustani's Application Video  for YC Summer 2022,https://www.youtube.com/watch?v=cnofPp4He9g
TripUnico YC Application Video for S2023 | Y Combinator Summer 2023,https://www.youtube.com/watch?v=vgaWEdO-HvI
Foresight Academy for YC W22 Application video,https://www.youtube.com/watch?v=LsD12bxPXbU
ignation YC Application Video,https://www.youtube.com/watch?v=fXB9E0ejIWo
Keywords AI YC Application Video (Accepted W24),https://www.youtube.com/watch?v=BxjmoN6LhqM
Storylyft AI(YC 25) Application/Demo Video,https://www.youtube.com/watch?v=-xIcMzLLqv4
Glassbreakers YC Application W15,https://www.youtube.com/watch?v=OjwVCoeIcFM
S18 YCombinator Application Video-  Music Everywhere,https://www.youtube.com/watch?v=ksmfCtHW7hs
Y Combinator Winter 2020 Application Video,https://www.youtube.com/watch?v=FywuW0nH1Fs
Flip (YC W2015) Application Video,https://www.youtube.com/watch?v=N5cBGeRMxms
SmartShower (YC 2017) Application Video,https://www.youtube.com/watch?v=Wb5C9CF8P98
NEXTER - YC APPLICATION SUMMER 2023,https://www.youtube.com/watch?v=gHEmdWPT9Ig
Reaction (YC 2015 Fellowship) Application Video,https://www.youtube.com/watch?v=VNZUjFPIvZ8
looknforgroup - YC W24 Application Video,https://www.youtube.com/watch?v=hD7gbuFTW7Y
Y Combinator Winter 2023 Application Video,https://www.youtube.com/watch?v=wYCiHOAymOg
Dactic - Y Combinator Application Video (S21),https://www.youtube.com/watch?v=1V2X3k4LDlo
selfcenter (YC W22) Application Video,https://www.youtube.com/watch?v=zU96Gcu-2TE
YC W23 application video,https://www.youtube.com/watch?v=Rm9BXP9tjKk
Y-Combinator Application 2010,https://www.youtube.com/watch?v=qXbZVzwq6oA
Embark Trucks' Application Video for YC W16,https://www.youtube.com/watch?v=8MdVFF5HU0g
Flection.ai (YC S23) Application Video,https://www.youtube.com/watch?v=pIHqe0nc1BA
SyncH (YC S2018) Application Video,https://www.youtube.com/watch?v=lfpqmhAfnEE
Poṣaṇa YC W25 Application - Founder Video,https://www.youtube.com/watch?v=Jww3yB8CD7Q
"Jobfly YC Application Video, Winter2016",https://www.youtube.com/watch?v=5OlY8J2J5Yk
YC 2016 Application,https://www.youtube.com/watch?v=MOeztlKl1Oc
ycombinator 2018 application video,https://www.youtube.com/watch?v=cuZuDXSMykY
Customary (YC S22) Application Video,https://www.youtube.com/watch?v=ryW554coDvo
Swing Y-Combinator Application Video for the Summer 2019 Cohort,https://www.youtube.com/watch?v=kzQBSdT_BAk
Gimede (YC Winter2019) Application Video,https://www.youtube.com/watch?v=KZ0nfjXGK_0
SITU YC Application Video - Summer 2020,https://www.youtube.com/watch?v=3rSrCZ9eQR4
YC Application Summer 2020,https://www.youtube.com/watch?v=2taa75NyZPw
ALADIN's YC S25 Application Video,https://www.youtube.com/watch?v=dz3h5eZK20o
UnityTree (YC S2015) Application Video,https://www.youtube.com/watch?v=XAzK-vAi1yc
YC 2019 Summer Application Video,https://www.youtube.com/watch?v=bJGLMR-5Hn4
YC Application Winter 2018 ClockWork App,https://www.youtube.com/watch?v=uJ2Q2jMm6mg
YC Application Summer 2019 - POSIT,https://www.youtube.com/watch?v=LseTRSb03-o
Golfmate YC Summer 2020 Application Video,https://www.youtube.com/watch?v=xwJZbiL6gC4
MusicFreelancer.net (YC Summer 2017) Application Video,https://www.youtube.com/watch?v=tj-rDNtKh_o
Movelo YC Application Video (S24),https://www.youtube.com/watch?v=orlWyAu8sS4
Station's Application Video for Y Combinator Winter Batch 2022,https://www.youtube.com/watch?v=c0QYD7KWoUQ
Typeagle - YC Application (Winter 2016),https://www.youtube.com/watch?v=AKyNAUKmkZs
Notch YC S22 Application Video,https://www.youtube.com/watch?v=8kyibbxGlEY
Skye YC S21 application video,https://www.youtube.com/watch?v=hgK8sRGaVyI
Strength | YC W25 Application Video,https://www.youtube.com/watch?v=S9TTSx12dQQ
Vector — YC W23 Founder Application Video,https://www.youtube.com/watch?v=DOODJGz0Neo
Parlei (YC Winter 2020) Application Video,https://www.youtube.com/watch?v=7h1TeijVizU
yc application video w21,https://www.youtube.com/shorts/Tt9E3Xk6HQw
Auddy.io (YC W2022) Application Video,https://www.youtube.com/watch?v=nPEnkwqlyNI
Prelude: YC Application S16,https://www.youtube.com/watch?v=bDkMmoOV9y4
Text A Letter (W2017) YC Application Video,https://www.youtube.com/watch?v=oLFUr0-5uog
Litpen Team_Bloopers (YCombinator Application Video),https://www.youtube.com/watch?v=kOgjyK2lA_0
Y Combinator Winter 2013 Application Part 1 - Tobias and Vittorio,https://www.youtube.com/watch?v=4Gw9pty0lDo
YC Application | Spring 2025 | Founder's Video,https://www.youtube.com/watch?v=u-n6uFE0PAQ
YC Summer 2021 Application,https://www.youtube.com/shorts/j20W73kDA-Y
vShowcase (YC S2015) Application Video,https://www.youtube.com/watch?v=9GZSzsdbo74
Project Urge (YC W2018) Application Video,https://www.youtube.com/watch?v=HOebnHq-yVY
Studio Vibe YC Spring 2018 application video,https://www.youtube.com/watch?v=6wAP0rIehpY
Basis (YC S2019) Application Video,https://www.youtube.com/watch?v=O6Vc9QKZjI8
Favour-YC W21 | Application Video,https://www.youtube.com/watch?v=WLBWP-lKGAg
studye YC Winter 2022 Application Video,https://www.youtube.com/watch?v=9wpmkhmIa0Y
Codejet's Application Video for YC W24,https://www.youtube.com/watch?v=Izbim2mVMAs
Haddock YC S23 application video - Update: we were invited to interview!,https://www.youtube.com/watch?v=G9xXvHmTrz8
Privatech | Y Combinator Video Application | Winter 2021,https://www.youtube.com/watch?v=oshkWGyolRc
Smart Greet YC Application W25,https://www.youtube.com/watch?v=Bjkf35E1Ap8
Cumulus Y Combinator Winter 2022 Application Video,https://www.youtube.com/watch?v=HT-ZNMgJICc
YC W22 Batch - Airscape Insurance Ycombinator application video,https://www.youtube.com/watch?v=6eZ1mqJ-5VM
Prospify (YC F24) Application Video,https://www.youtube.com/watch?v=30tF2Y0vl18
Armadio YC S16 application,https://www.youtube.com/watch?v=2nbZloSN-Yg
Bulletin - YC Application W17,https://www.youtube.com/watch?v=wdU1-dra7Zs
Cycle (YC W20) Application Video,https://www.youtube.com/watch?v=zSDGOQP1SFc
Metaboard (YC S2016) Application Video,https://www.youtube.com/watch?v=g8mH-8khdvs
BIOCU (YC S2018) Application Video,https://www.youtube.com/watch?v=QK94apcfLaU
Flurn India (YC 2022) Application Video,https://www.youtube.com/watch?v=8rt52xH25Us
Lotus Labs (YC F24) Application Video,https://www.youtube.com/watch?v=QVZIlmo2Tio
Nhost Application Video for YC W21,https://www.youtube.com/watch?v=PwOZlswV1IQ
Artisan AI Digital Workers | (Accepted!) YC W24 Application - Founder Video,https://www.youtube.com/watch?v=LlYe-he1knQ
SKOOP (YC S2021) Application Video,https://www.youtube.com/watch?v=uGt9PjDC3BE
Purple Squirrel (YC S2015) Application Video,https://www.youtube.com/watch?v=b4GdmlUdE0M
How to structure your YC application video?,https://www.youtube.com/shorts/QwHos-DlaVQ
Rivia (YC W22) Application Video,https://www.youtube.com/watch?v=-dFcwWt0HVc
Update on YC Application (S24),https://www.youtube.com/watch?v=mDES4qCqymk
Brand & Label application video (YC W20),https://www.youtube.com/watch?v=SHb1H7Njwtc
Mangowin (YC S2017) Application Video,https://www.youtube.com/watch?v=jzfQGHYJE18
Tapup YC W22 Application Video,https://www.youtube.com/watch?v=y14T-YhiYl4
YC S22 Application Video - Waigely,https://www.youtube.com/watch?v=dMakiXTmQ3k
"""Aesthetic.ai"" YC Application, Summer 2017 Batch",https://www.youtube.com/watch?v=vtfhkwx1E1I
YC Application Video,https://www.youtube.com/watch?v=RuJUBVZXFFM
Compras YC Application video summer 2020,https://www.youtube.com/watch?v=Po6zV34U3ok
YC Application Video (2023),https://www.youtube.com/watch?v=cXMo8iM9qFs
PAYZE (YC S21) Application Video,https://www.youtube.com/watch?v=baT9ZuotagY
Mathyogi (YC S2015) Application Video,https://www.youtube.com/watch?v=FKd6iu9j1Xg
Computer Doctor S19 YC Application Video,https://www.youtube.com/watch?v=rJPoCUfD6J8
Twos App - YC Application S22,https://www.youtube.com/watch?v=pw5IObxW8yQ
GiftHub YC S19 Application Video,https://www.youtube.com/watch?v=z5pE8y8v8sY
ycombinator application,https://www.youtube.com/watch?v=uedMxXzgQT0
W21 YC APPLICATION VIDEO,https://www.youtube.com/watch?v=lCzZSr3hPOg
IdeaMachine YC S2015 Video Application,https://www.youtube.com/watch?v=BnXoYUNZVw8
Nomeo - YC Summer 2023 Application Intro,https://www.youtube.com/watch?v=d6u8_Fp7QwI
Arbrowser.co YC W22 Application Video,https://www.youtube.com/watch?v=qATBiqlFiUc
Awom Media (YC W19) Application Video,https://www.youtube.com/watch?v=5ZyNNzgWfj8
Pawlytics W19 YC Application Video,https://www.youtube.com/watch?v=PdHy9WrCK5c
NearMe (YC W21)  Application Video,https://www.youtube.com/watch?v=YIBairUdjS0
YC 2022 application video,https://www.youtube.com/watch?v=nh89PSoBiEs
Workchek (YC W22) Application Video,https://www.youtube.com/watch?v=HOG5eaMTr60
Securable (YC S20) Application Video,https://www.youtube.com/watch?v=fEOpbEFZGaw
Bitbana YC Application Video (S25) Latam Startup,https://www.youtube.com/watch?v=KFOw4q7_5ZQ
AeroDel (YC S2023) Application Video,https://www.youtube.com/watch?v=3jcsT5zAAVU
Influgrow YC S17 Application Video,https://www.youtube.com/watch?v=k4qgcuBDUqw
Thinkmay - YC S22 Application Video,https://www.youtube.com/watch?v=OdDc1w_M1uk
YC Application Video,https://www.youtube.com/watch?v=gkFv2TXxSyg
YC application Summer 2023,https://www.youtube.com/watch?v=AiZbJ_kQrmM
Acomodator YC Winter 2023 Application video,https://www.youtube.com/watch?v=8HLALLjTFWA
KAJA - YC S23 Application Video,https://www.youtube.com/watch?v=2CIkv_U7y-o
VoxAI YC W25 application video,https://www.youtube.com/watch?v=ZSqPybOdx_I
Cheeki YC Winter 2024 Application Video,https://www.youtube.com/watch?v=peJKpA5NKjs
Prana - The application video. Y Combinator batch winter 2023,https://www.youtube.com/watch?v=_Fo-FbjlqGY
Lapa (YC S2016) Application Video,https://www.youtube.com/watch?v=rqpSoIBwlp4
Singulution YC Winter 2018 Application,https://www.youtube.com/watch?v=Kj0IAKXzlqM
momo YC S21 Application Video,https://www.youtube.com/watch?v=iv7QIGb-yOg
YC Application Video-PlotFix (S18),https://www.youtube.com/watch?v=2v9lt_5nbV4
Saent Y Combinator application video (take 16),https://www.youtube.com/watch?v=2BiHyrXNdtw
Airloft YC Application Video Summer 2022,https://www.youtube.com/watch?v=mnBxOrORzBg
Beulr (YC S2021) Application Video,https://www.youtube.com/watch?v=42dSSiw30BU
E-ESTATES (YC W20) Application Video,https://www.youtube.com/watch?v=r0t-lGuV0sM
Generation Conscious (YC W23) Application Video,https://www.youtube.com/watch?v=vgZZgshdXBc
Campus Job (YC W2015) Application Video,https://www.youtube.com/watch?v=4nxrkPtR348
yc application Winter 2019,https://www.youtube.com/watch?v=_h-bCQkLcfE
Smile (YC Winter 2021)  application video,https://www.youtube.com/watch?v=OY9sVvaoXTA
YC Winter 2019 application,https://www.youtube.com/watch?v=6gFG2_YNKKE
Mindspac (YC Winter 2022) Application Video,https://www.youtube.com/watch?v=zUYmijsvw-A
Parlei (YC Summer 2019) Application Video,https://www.youtube.com/watch?v=3FbmUS3QeVI
FIleForma Application Video YC 2024 Winter,https://www.youtube.com/watch?v=xzsKho0Pe_c
Weave's Application Video for YC W14,https://www.youtube.com/watch?v=rpyvQJGcQGw
Virtues - YC Application S17,https://www.youtube.com/watch?v=fSAUXFmxlXI
MyVu - YC application summer 2018,https://www.youtube.com/watch?v=9gA6_-B0IFw
